e,dictionary,dict/mathematical-constants,dictionary-mathematical-constants
pi,dictionary,dict/mathematical-constants,dictionary-mathematical-constants
false,dictionary,dict/boolean-constants,dictionary-boolean-constants
true,dictionary,dict/boolean-constants,dictionary-boolean-constants
black,dictionary,dict/color-constants,dictionary-color-constants
gray,dictionary,dict/color-constants,dictionary-color-constants
white,dictionary,dict/color-constants,dictionary-color-constants
red,dictionary,dict/color-constants,dictionary-color-constants
orange,dictionary,dict/color-constants,dictionary-color-constants
brown,dictionary,dict/color-constants,dictionary-color-constants
yellow,dictionary,dict/color-constants,dictionary-color-constants
green,dictionary,dict/color-constants,dictionary-color-constants
lime,dictionary,dict/color-constants,dictionary-color-constants
turquoise,dictionary,dict/color-constants,dictionary-color-constants
cyan,dictionary,dict/color-constants,dictionary-color-constants
sky,dictionary,dict/color-constants,dictionary-color-constants
blue,dictionary,dict/color-constants,dictionary-color-constants
violet,dictionary,dict/color-constants,dictionary-color-constants
magenta,dictionary,dict/color-constants,dictionary-color-constants
pink,dictionary,dict/color-constants,dictionary-color-constants
abs,dictionary,dict/abs,dictionary-abs
acos,dictionary,dict/acos,dictionary-acos
all?,dictionary,dict/all,dictionary-all
and,dictionary,dict/and,dictionary-and
any?,dictionary,dict/any,dictionary-any
approximate-hsb,dictionary,dict/approximate-hsb,dictionary-approximate-hsb
approximate-rgb,dictionary,dict/approximate-rgb,dictionary-approximate-rgb
Arithmetic Operators,dictionary,dict/symbols,dictionary-symbols
+,dictionary,dict/symbols,dictionary-symbols
*,dictionary,dict/symbols,dictionary-symbols
-,dictionary,dict/symbols,dictionary-symbols
/,dictionary,dict/symbols,dictionary-symbols
^,dictionary,dict/symbols,dictionary-symbols
<,dictionary,dict/symbols,dictionary-symbols
>,dictionary,dict/symbols,dictionary-symbols
=,dictionary,dict/symbols,dictionary-symbols
!=,dictionary,dict/symbols,dictionary-symbols
<=,dictionary,dict/symbols,dictionary-symbols
>=,dictionary,dict/symbols,dictionary-symbols
asin,dictionary,dict/asin,dictionary-asin
ask,dictionary,dict/ask,dictionary-ask
ask-concurrent,dictionary,dict/ask-concurrent,dictionary-ask-concurrent
at-points,dictionary,dict/at-points,dictionary-at-points
atan,dictionary,dict/atan,dictionary-atan
autoplot?,dictionary,dict/autoplot,dictionary-autoplot
autoplotx?,dictionary,dict/autoplot,dictionary-autoplot
autoploty?,dictionary,dict/autoplot,dictionary-autoplot
auto-plot-off,dictionary,dict/auto-plot-status,dictionary-auto-plot-status
auto-plot-x-off,dictionary,dict/auto-plot-status,dictionary-auto-plot-status
auto-plot-y-off,dictionary,dict/auto-plot-status,dictionary-auto-plot-status
auto-plot-on,dictionary,dict/auto-plot-status,dictionary-auto-plot-status
auto-plot-x-on,dictionary,dict/auto-plot-status,dictionary-auto-plot-status
auto-plot-y-on,dictionary,dict/auto-plot-status,dictionary-auto-plot-status
back,dictionary,dict/back,dictionary-back
bk,dictionary,dict/back,dictionary-back
base-colors,dictionary,dict/base-colors,dictionary-base-colors
beep,dictionary,dict/beep,dictionary-beep
behaviorspace-experiment-name,dictionary,dict/behaviorspace-experiment-name,dictionary-behaviorspace-experiment-name
behaviorspace-run-number,dictionary,dict/behaviorspace-run-number,dictionary-behaviorspace-run-number
both-ends,dictionary,dict/both-ends,dictionary-both-ends
breed,dictionary,dict/breedvar,dictionary-breedvar
breed,dictionary,dict/breed,dictionary-breed
but-first,dictionary,dict/but-first-and-last,dictionary-but-first-and-last
butfirst,dictionary,dict/but-first-and-last,dictionary-but-first-and-last
bf,dictionary,dict/but-first-and-last,dictionary-but-first-and-last
but-last,dictionary,dict/but-first-and-last,dictionary-but-first-and-last
butlast,dictionary,dict/but-first-and-last,dictionary-but-first-and-last
bl,dictionary,dict/but-first-and-last,dictionary-but-first-and-last
can-move?,dictionary,dict/can-move,dictionary-can-move
carefully,dictionary,dict/carefully,dictionary-carefully
ceiling,dictionary,dict/ceiling,dictionary-ceiling
clear-all,dictionary,dict/clear-all,dictionary-clear-all
ca,dictionary,dict/clear-all,dictionary-clear-all
clear-all-plots,dictionary,dict/clear-all-plots,dictionary-clear-all-plots
clear-drawing,dictionary,dict/clear-drawing,dictionary-clear-drawing
cd,dictionary,dict/clear-drawing,dictionary-clear-drawing
clear-globals,dictionary,dict/clear-globals,dictionary-clear-globals
clear-links,dictionary,dict/clear-links,dictionary-clear-links
clear-output,dictionary,dict/clear-output,dictionary-clear-output
clear-patches,dictionary,dict/clear-patches,dictionary-clear-patches
cp,dictionary,dict/clear-patches,dictionary-clear-patches
clear-plot,dictionary,dict/clear-plot,dictionary-clear-plot
clear-ticks,dictionary,dict/clear-ticks,dictionary-clear-ticks
clear-turtles,dictionary,dict/clear-turtles,dictionary-clear-turtles
ct,dictionary,dict/clear-turtles,dictionary-clear-turtles
color,dictionary,dict/color,dictionary-color
cos,dictionary,dict/cos,dictionary-cos
count,dictionary,dict/count,dictionary-count
create-ordered-turtles,dictionary,dict/create-ordered-turtles,dictionary-create-ordered-turtles
cro,dictionary,dict/create-ordered-turtles,dictionary-create-ordered-turtles
create-<breed>-to,dictionary,dict/create-link,dictionary-create-link
create-<breeds>-to,dictionary,dict/create-link,dictionary-create-link
create-<breed>-from,dictionary,dict/create-link,dictionary-create-link
create-<breeds>-from,dictionary,dict/create-link,dictionary-create-link
create-<breed>-with,dictionary,dict/create-link,dictionary-create-link
create-<breeds>-with,dictionary,dict/create-link,dictionary-create-link
create-link-to,dictionary,dict/create-link,dictionary-create-link
create-links-to,dictionary,dict/create-link,dictionary-create-link
create-link-from,dictionary,dict/create-link,dictionary-create-link
create-links-from,dictionary,dict/create-link,dictionary-create-link
create-link-with,dictionary,dict/create-link,dictionary-create-link
create-links-with,dictionary,dict/create-link,dictionary-create-link
create-turtles,dictionary,dict/create-turtles,dictionary-create-turtles
crt,dictionary,dict/create-turtles,dictionary-create-turtles
create-temporary-plot-pen,dictionary,dict/create-temporary-plot-pen,dictionary-create-temporary-plot-pen
date-and-time,dictionary,dict/date-and-time,dictionary-date-and-time
die,dictionary,dict/die,dictionary-die
diffuse,dictionary,dict/diffuse,dictionary-diffuse
diffuse4,dictionary,dict/diffuse4,dictionary-diffuse4
directed-link-breed,dictionary,dict/directed-link-breed,dictionary-directed-link-breed
display,dictionary,dict/display,dictionary-display
distance,dictionary,dict/distance,dictionary-distance
distancexy,dictionary,dict/distancexy,dictionary-distancexy
downhill,dictionary,dict/downhill,dictionary-downhill
downhill4,dictionary,dict/downhill,dictionary-downhill
dx,dictionary,dict/dxy,dictionary-dxy
dy,dictionary,dict/dxy,dictionary-dxy
empty?,dictionary,dict/empty,dictionary-empty
end,dictionary,dict/end,dictionary-end
end1,dictionary,dict/end1,dictionary-end1
end2,dictionary,dict/end2,dictionary-end2
error,dictionary,dict/error,dictionary-error
error-message,dictionary,dict/error-message,dictionary-error-message
every,dictionary,dict/every,dictionary-every
exp,dictionary,dict/exp,dictionary-exp
export-view,dictionary,dict/export-cmds,dictionary-export-cmds
export-interface,dictionary,dict/export-cmds,dictionary-export-cmds
export-output,dictionary,dict/export-cmds,dictionary-export-cmds
export-plot,dictionary,dict/export-cmds,dictionary-export-cmds
export-all-plots,dictionary,dict/export-cmds,dictionary-export-cmds
export-world,dictionary,dict/export-cmds,dictionary-export-cmds
extensions,dictionary,dict/extensions,dictionary-extensions
extract-hsb,dictionary,dict/extract-hsb,dictionary-extract-hsb
extract-rgb,dictionary,dict/extract-rgb,dictionary-extract-rgb
face,dictionary,dict/face,dictionary-face
facexy,dictionary,dict/facexy,dictionary-facexy
file-at-end?,dictionary,dict/file-at-end,dictionary-file-at-end
file-close,dictionary,dict/file-close,dictionary-file-close
file-close-all,dictionary,dict/file-close-all,dictionary-file-close-all
file-delete,dictionary,dict/file-delete,dictionary-file-delete
file-exists?,dictionary,dict/file-exists,dictionary-file-exists
file-flush,dictionary,dict/file-flush,dictionary-file-flush
file-open,dictionary,dict/file-open,dictionary-file-open
file-print,dictionary,dict/file-print,dictionary-file-print
file-read,dictionary,dict/file-read,dictionary-file-read
file-read-characters,dictionary,dict/file-read-characters,dictionary-file-read-characters
file-read-line,dictionary,dict/file-read-line,dictionary-file-read-line
file-show,dictionary,dict/file-show,dictionary-file-show
file-type,dictionary,dict/file-type,dictionary-file-type
file-write,dictionary,dict/file-write,dictionary-file-write
filter,dictionary,dict/filter,dictionary-filter
first,dictionary,dict/first,dictionary-first
floor,dictionary,dict/floor,dictionary-floor
follow,dictionary,dict/follow,dictionary-follow
follow-me,dictionary,dict/follow-me,dictionary-follow-me
foreach,dictionary,dict/foreach,dictionary-foreach
forward,dictionary,dict/forward,dictionary-forward
fd,dictionary,dict/forward,dictionary-forward
fput,dictionary,dict/fput,dictionary-fput
globals,dictionary,dict/globals,dictionary-globals
hatch,dictionary,dict/hatch,dictionary-hatch
heading,dictionary,dict/heading,dictionary-heading
hidden?,dictionary,dict/hidden,dictionary-hidden
hide-link,dictionary,dict/hide-link,dictionary-hide-link
hide-turtle,dictionary,dict/hide-turtle,dictionary-hide-turtle
ht,dictionary,dict/hide-turtle,dictionary-hide-turtle
histogram,dictionary,dict/histogram,dictionary-histogram
home,dictionary,dict/home,dictionary-home
home-directory,dictionary,dict/home-directory,dictionary-home-directory
hsb,dictionary,dict/hsb,dictionary-hsb
hubnet-broadcast,dictionary,dict/hubnet-broadcast,dictionary-hubnet-broadcast
hubnet-broadcast-clear-output,dictionary,dict/hubnet-broadcast-clear-output,dictionary-hubnet-broadcast-clear-output
hubnet-broadcast-message,dictionary,dict/hubnet-broadcast-message,dictionary-hubnet-broadcast-message
hubnet-clear-override,dictionary,dict/hubnet-clear-override,dictionary-hubnet-clear-override
hubnet-clear-overrides,dictionary,dict/hubnet-clear-override,dictionary-hubnet-clear-override
hubnet-clients-list,dictionary,dict/hubnet-clients-list,dictionary-hubnet-clients-list
hubnet-enter-message?,dictionary,dict/hubnet-enter-message,dictionary-hubnet-enter-message
hubnet-exit-message?,dictionary,dict/hubnet-exit-message,dictionary-hubnet-exit-message
hubnet-fetch-message,dictionary,dict/hubnet-fetch-message,dictionary-hubnet-fetch-message
hubnet-kick-client,dictionary,dict/hubnet-kick-client,dictionary-hubnet-kick-client
hubnet-kick-all-clients,dictionary,dict/hubnet-kick-all-clients,dictionary-hubnet-kick-all-clients
hubnet-message,dictionary,dict/hubnet-message,dictionary-hubnet-message
hubnet-message-source,dictionary,dict/hubnet-message-source,dictionary-hubnet-message-source
hubnet-message-tag,dictionary,dict/hubnet-message-tag,dictionary-hubnet-message-tag
hubnet-message-waiting?,dictionary,dict/hubnet-message-waiting,dictionary-hubnet-message-waiting
hubnet-reset,dictionary,dict/hubnet-reset,dictionary-hubnet-reset
hubnet-reset-perspective,dictionary,dict/hubnet-reset-perspective,dictionary-hubnet-reset-perspective
hubnet-send,dictionary,dict/hubnet-send,dictionary-hubnet-send
hubnet-send-clear-output,dictionary,dict/hubnet-send-clear-output,dictionary-hubnet-send-clear-output
hubnet-send-follow,dictionary,dict/hubnet-send-follow,dictionary-hubnet-send-follow
hubnet-send-message,dictionary,dict/hubnet-send-message,dictionary-hubnet-send-message
hubnet-send-override,dictionary,dict/hubnet-send-override,dictionary-hubnet-send-override
hubnet-send-watch,dictionary,dict/hubnet-send-watch,dictionary-hubnet-send-watch
if,dictionary,dict/if,dictionary-if
ifelse,dictionary,dict/ifelse,dictionary-ifelse
ifelse-value,dictionary,dict/ifelse-value,dictionary-ifelse-value
import-drawing,dictionary,dict/import-drawing,dictionary-import-drawing
import-pcolors,dictionary,dict/import-pcolors,dictionary-import-pcolors
import-pcolors-rgb,dictionary,dict/import-pcolors-rgb,dictionary-import-pcolors-rgb
import-world,dictionary,dict/import-world,dictionary-import-world
in-cone,dictionary,dict/in-cone,dictionary-in-cone
in-<breed>-neighbor?,dictionary,dict/in-link-neighbor,dictionary-in-link-neighbor
in-link-neighbor?,dictionary,dict/in-link-neighbor,dictionary-in-link-neighbor
in-<breed>-neighbors,dictionary,dict/in-link-neighbors,dictionary-in-link-neighbors
in-link-neighbors,dictionary,dict/in-link-neighbors,dictionary-in-link-neighbors
in-<breed>-from,dictionary,dict/in-link-from,dictionary-in-link-from
in-link-from,dictionary,dict/in-link-from,dictionary-in-link-from
__includes,dictionary,dict/includes,dictionary-includes
in-radius,dictionary,dict/in-radius,dictionary-in-radius
insert-item,dictionary,dict/insert-item,dictionary-insert-item
inspect,dictionary,dict/inspect,dictionary-inspect
int,dictionary,dict/int,dictionary-int
is-agent?,dictionary,dict/is-of-type,dictionary-is-of-type
is-agentset?,dictionary,dict/is-of-type,dictionary-is-of-type
is-anonymous-command?,dictionary,dict/is-of-type,dictionary-is-of-type
is-anonymous-reporter?,dictionary,dict/is-of-type,dictionary-is-of-type
is-boolean?,dictionary,dict/is-of-type,dictionary-is-of-type
is-directed-link?,dictionary,dict/is-of-type,dictionary-is-of-type
is-link?,dictionary,dict/is-of-type,dictionary-is-of-type
is-link-set?,dictionary,dict/is-of-type,dictionary-is-of-type
is-list?,dictionary,dict/is-of-type,dictionary-is-of-type
is-number?,dictionary,dict/is-of-type,dictionary-is-of-type
is-patch?,dictionary,dict/is-of-type,dictionary-is-of-type
is-patch-set?,dictionary,dict/is-of-type,dictionary-is-of-type
is-string?,dictionary,dict/is-of-type,dictionary-is-of-type
is-turtle?,dictionary,dict/is-of-type,dictionary-is-of-type
is-turtle-set?,dictionary,dict/is-of-type,dictionary-is-of-type
is-undirected-link?,dictionary,dict/is-of-type,dictionary-is-of-type
item,dictionary,dict/item,dictionary-item
jump,dictionary,dict/jump,dictionary-jump
label,dictionary,dict/label,dictionary-label
label-color,dictionary,dict/label-color,dictionary-label-color
last,dictionary,dict/last,dictionary-last
layout-circle,dictionary,dict/layout-circle,dictionary-layout-circle
layout-radial,dictionary,dict/layout-radial,dictionary-layout-radial
layout-spring,dictionary,dict/layout-spring,dictionary-layout-spring
layout-tutte,dictionary,dict/layout-tutte,dictionary-layout-tutte
left,dictionary,dict/left,dictionary-left
lt,dictionary,dict/left,dictionary-left
length,dictionary,dict/length,dictionary-length
let,dictionary,dict/let,dictionary-let
link,dictionary,dict/link,dictionary-link
link-heading,dictionary,dict/link-heading,dictionary-link-heading
link-length,dictionary,dict/link-length,dictionary-link-length
link-set,dictionary,dict/link-set,dictionary-link-set
link-shapes,dictionary,dict/link-shapes,dictionary-link-shapes
links,dictionary,dict/links,dictionary-links
links-own,dictionary,dict/links-own,dictionary-links-own
list,dictionary,dict/list,dictionary-list
ln,dictionary,dict/ln,dictionary-ln
log,dictionary,dict/log,dictionary-log
loop,dictionary,dict/loop,dictionary-loop
lput,dictionary,dict/lput,dictionary-lput
map,dictionary,dict/map,dictionary-map
max,dictionary,dict/max,dictionary-max
max-n-of,dictionary,dict/max-n-of,dictionary-max-n-of
max-one-of,dictionary,dict/max-one-of,dictionary-max-one-of
max-pxcor,dictionary,dict/max-pcor,dictionary-max-pcor
max-pycor,dictionary,dict/max-pcor,dictionary-max-pcor
mean,dictionary,dict/mean,dictionary-mean
median,dictionary,dict/median,dictionary-median
member?,dictionary,dict/member,dictionary-member
min,dictionary,dict/min,dictionary-min
min-n-of,dictionary,dict/min-n-of,dictionary-min-n-of
min-one-of,dictionary,dict/min-one-of,dictionary-min-one-of
min-pxcor,dictionary,dict/min-pcor,dictionary-min-pcor
min-pycor,dictionary,dict/min-pcor,dictionary-min-pcor
mod,dictionary,dict/mod,dictionary-mod
modes,dictionary,dict/modes,dictionary-modes
mouse-down?,dictionary,dict/mouse-down,dictionary-mouse-down
mouse-inside?,dictionary,dict/mouse-inside,dictionary-mouse-inside
mouse-xcor,dictionary,dict/mouse-cor,dictionary-mouse-cor
mouse-ycor,dictionary,dict/mouse-cor,dictionary-mouse-cor
move-to,dictionary,dict/move-to,dictionary-move-to
my-<breeds>,dictionary,dict/my-links,dictionary-my-links
my-links,dictionary,dict/my-links,dictionary-my-links
my-in-<breeds>,dictionary,dict/my-in-links,dictionary-my-in-links
my-in-links,dictionary,dict/my-in-links,dictionary-my-in-links
my-out-<breeds>,dictionary,dict/my-out-links,dictionary-my-out-links
my-out-links,dictionary,dict/my-out-links,dictionary-my-out-links
myself,dictionary,dict/myself,dictionary-myself
n-of,dictionary,dict/n-of,dictionary-n-of
n-values,dictionary,dict/n-values,dictionary-n-values
neighbors,dictionary,dict/neighbors,dictionary-neighbors
neighbors4,dictionary,dict/neighbors,dictionary-neighbors
<breed>-neighbors,dictionary,dict/link-neighbors,dictionary-link-neighbors
link-neighbors,dictionary,dict/link-neighbors,dictionary-link-neighbors
<breed>-neighbor?,dictionary,dict/link-neighbor,dictionary-link-neighbor
link-neighbor?,dictionary,dict/link-neighbor,dictionary-link-neighbor
netlogo-version,dictionary,dict/netlogo-version,dictionary-netlogo-version
netlogo-web?,dictionary,dict/netlogo-web,dictionary-netlogo-web
new-seed,dictionary,dict/new-seed,dictionary-new-seed
no-display,dictionary,dict/no-display,dictionary-no-display
nobody,dictionary,dict/nobody,dictionary-nobody
no-links,dictionary,dict/no-links,dictionary-no-links
no-patches,dictionary,dict/no-patches,dictionary-no-patches
not,dictionary,dict/not,dictionary-not
no-turtles,dictionary,dict/no-turtles,dictionary-no-turtles
of,dictionary,dict/of,dictionary-of
one-of,dictionary,dict/one-of,dictionary-one-of
or,dictionary,dict/or,dictionary-or
other,dictionary,dict/other,dictionary-other
other-end,dictionary,dict/other-end,dictionary-other-end
out-<breed>-neighbor?,dictionary,dict/out-link-neighbor,dictionary-out-link-neighbor
out-link-neighbor?,dictionary,dict/out-link-neighbor,dictionary-out-link-neighbor
out-<breed>-neighbors,dictionary,dict/out-link-neighbors,dictionary-out-link-neighbors
out-link-neighbors,dictionary,dict/out-link-neighbors,dictionary-out-link-neighbors
out-<breed>-to,dictionary,dict/out-link-to,dictionary-out-link-to
out-link-to,dictionary,dict/out-link-to,dictionary-out-link-to
output-print,dictionary,dict/output-cmds,dictionary-output-cmds
output-show,dictionary,dict/output-cmds,dictionary-output-cmds
output-type,dictionary,dict/output-cmds,dictionary-output-cmds
output-write,dictionary,dict/output-cmds,dictionary-output-cmds
patch,dictionary,dict/patch,dictionary-patch
patch-ahead,dictionary,dict/patch-ahead,dictionary-patch-ahead
patch-at,dictionary,dict/patch-at,dictionary-patch-at
patch-at-heading-and-distance,dictionary,dict/patch-at-heading-and-distance,dictionary-patch-at-heading-and-distance
patch-here,dictionary,dict/patch-here,dictionary-patch-here
patch-left-and-ahead,dictionary,dict/patch-lr-and-ahead,dictionary-patch-lr-and-ahead
patch-right-and-ahead,dictionary,dict/patch-lr-and-ahead,dictionary-patch-lr-and-ahead
patch-set,dictionary,dict/patch-set,dictionary-patch-set
patch-size,dictionary,dict/patch-size,dictionary-patch-size
patches,dictionary,dict/patches,dictionary-patches
patches-own,dictionary,dict/patches-own,dictionary-patches-own
pcolor,dictionary,dict/pcolor,dictionary-pcolor
pen-down,dictionary,dict/pen-switch-status,dictionary-pen-switch-status
pd,dictionary,dict/pen-switch-status,dictionary-pen-switch-status
pen-erase,dictionary,dict/pen-switch-status,dictionary-pen-switch-status
pe,dictionary,dict/pen-switch-status,dictionary-pen-switch-status
pen-up,dictionary,dict/pen-switch-status,dictionary-pen-switch-status
pu,dictionary,dict/pen-switch-status,dictionary-pen-switch-status
pen-mode,dictionary,dict/pen-mode,dictionary-pen-mode
pen-size,dictionary,dict/pen-size,dictionary-pen-size
plabel,dictionary,dict/plabel,dictionary-plabel
plabel-color,dictionary,dict/plabel-color,dictionary-plabel-color
plot,dictionary,dict/plot,dictionary-plot
plot-name,dictionary,dict/plot-name,dictionary-plot-name
plot-pen-exists?,dictionary,dict/plot-pen-exists,dictionary-plot-pen-exists
plot-pen-down,dictionary,dict/plot-pen-switch-status,dictionary-plot-pen-switch-status
plot-pen-up,dictionary,dict/plot-pen-switch-status,dictionary-plot-pen-switch-status
plot-pen-reset,dictionary,dict/plot-pen-reset,dictionary-plot-pen-reset
plotxy,dictionary,dict/plotxy,dictionary-plotxy
plot-x-min,dictionary,dict/plot-cor-max-or-min,dictionary-plot-cor-max-or-min
plot-x-max,dictionary,dict/plot-cor-max-or-min,dictionary-plot-cor-max-or-min
plot-y-min,dictionary,dict/plot-cor-max-or-min,dictionary-plot-cor-max-or-min
plot-y-max,dictionary,dict/plot-cor-max-or-min,dictionary-plot-cor-max-or-min
position,dictionary,dict/position,dictionary-position
precision,dictionary,dict/precision,dictionary-precision
print,dictionary,dict/print,dictionary-print
pxcor,dictionary,dict/pcor,dictionary-pcor
pycor,dictionary,dict/pcor,dictionary-pcor
random,dictionary,dict/random,dictionary-random
random-float,dictionary,dict/random-float,dictionary-random-float
random-exponential,dictionary,dict/random-reporters,dictionary-random-reporters
random-gamma,dictionary,dict/random-reporters,dictionary-random-reporters
random-normal,dictionary,dict/random-reporters,dictionary-random-reporters
random-poisson,dictionary,dict/random-reporters,dictionary-random-reporters
random-pxcor,dictionary,dict/random-pcor,dictionary-random-pcor
random-pycor,dictionary,dict/random-pcor,dictionary-random-pcor
random-seed,dictionary,dict/random-seed,dictionary-random-seed
random-xcor,dictionary,dict/random-cor,dictionary-random-cor
random-ycor,dictionary,dict/random-cor,dictionary-random-cor
range,dictionary,dict/range,dictionary-range
read-from-string,dictionary,dict/read-from-string,dictionary-read-from-string
reduce,dictionary,dict/reduce,dictionary-reduce
remainder,dictionary,dict/remainder,dictionary-remainder
remove,dictionary,dict/remove,dictionary-remove
remove-duplicates,dictionary,dict/remove-duplicates,dictionary-remove-duplicates
remove-item,dictionary,dict/remove-item,dictionary-remove-item
repeat,dictionary,dict/repeat,dictionary-repeat
replace-item,dictionary,dict/replace-item,dictionary-replace-item
report,dictionary,dict/report,dictionary-report
reset-perspective,dictionary,dict/reset-perspective,dictionary-reset-perspective
rp,dictionary,dict/reset-perspective,dictionary-reset-perspective
reset-ticks,dictionary,dict/reset-ticks,dictionary-reset-ticks
reset-timer,dictionary,dict/reset-timer,dictionary-reset-timer
resize-world,dictionary,dict/resize-world,dictionary-resize-world
reverse,dictionary,dict/reverse,dictionary-reverse
rgb,dictionary,dict/rgb,dictionary-rgb
ride,dictionary,dict/ride,dictionary-ride
ride-me,dictionary,dict/ride-me,dictionary-ride-me
right,dictionary,dict/right,dictionary-right
rt,dictionary,dict/right,dictionary-right
round,dictionary,dict/round,dictionary-round
run,dictionary,dict/run,dictionary-run
runresult,dictionary,dict/run,dictionary-run
scale-color,dictionary,dict/scale-color,dictionary-scale-color
self,dictionary,dict/self,dictionary-self
; (semicolon),dictionary,dict/semicolon,dictionary-semicolon
sentence,dictionary,dict/sentence,dictionary-sentence
se,dictionary,dict/sentence,dictionary-sentence
set,dictionary,dict/set,dictionary-set
set-current-directory,dictionary,dict/set-current-directory,dictionary-set-current-directory
set-current-plot,dictionary,dict/set-current-plot,dictionary-set-current-plot
set-current-plot-pen,dictionary,dict/set-current-plot-pen,dictionary-set-current-plot-pen
set-default-shape,dictionary,dict/set-default-shape,dictionary-set-default-shape
set-histogram-num-bars,dictionary,dict/set-histogram-num-bars,dictionary-set-histogram-num-bars
__set-line-thickness,dictionary,dict/set-line-thickness,dictionary-set-line-thickness
set-patch-size,dictionary,dict/set-patch-size,dictionary-set-patch-size
set-plot-background-color,dictionary,dict/set-plot-background-color,dictionary-set-plot-background-color
set-plot-pen-color,dictionary,dict/set-plot-pen-color,dictionary-set-plot-pen-color
set-plot-pen-interval,dictionary,dict/set-plot-pen-interval,dictionary-set-plot-pen-interval
set-plot-pen-mode,dictionary,dict/set-plot-pen-mode,dictionary-set-plot-pen-mode
setup-plots,dictionary,dict/setup-plots,dictionary-setup-plots
set-plot-x-range,dictionary,dict/set-plot-range,dictionary-set-plot-range
set-plot-y-range,dictionary,dict/set-plot-range,dictionary-set-plot-range
set-topology,dictionary,dict/set-topology,dictionary-set-topology
setxy,dictionary,dict/setxy,dictionary-setxy
shade-of?,dictionary,dict/shade-of,dictionary-shade-of
shape,dictionary,dict/shape,dictionary-shape
shapes,dictionary,dict/shapes,dictionary-shapes
show,dictionary,dict/show,dictionary-show
show-turtle,dictionary,dict/show-turtle,dictionary-show-turtle
st,dictionary,dict/show-turtle,dictionary-show-turtle
show-link,dictionary,dict/show-link,dictionary-show-link
shuffle,dictionary,dict/shuffle,dictionary-shuffle
sin,dictionary,dict/sin,dictionary-sin
size,dictionary,dict/size,dictionary-size
sort,dictionary,dict/sort,dictionary-sort
sort-by,dictionary,dict/sort-by,dictionary-sort-by
sort-on,dictionary,dict/sort-on,dictionary-sort-on
sprout,dictionary,dict/sprout,dictionary-sprout
sqrt,dictionary,dict/sqrt,dictionary-sqrt
stamp,dictionary,dict/stamp,dictionary-stamp
stamp-erase,dictionary,dict/stamp-erase,dictionary-stamp-erase
standard-deviation,dictionary,dict/standard-deviation,dictionary-standard-deviation
startup,dictionary,dict/startup,dictionary-startup
stop,dictionary,dict/stop,dictionary-stop
stop-inspecting,dictionary,dict/stop-inspecting,dictionary-stop-inspecting
stop-inspecting-dead-agents,dictionary,dict/stop-inspecting-dead-agents,dictionary-stop-inspecting-dead-agents
subject,dictionary,dict/subject,dictionary-subject
sublist,dictionary,dict/subliststring,dictionary-subliststring
substring,dictionary,dict/subliststring,dictionary-subliststring
subtract-headings,dictionary,dict/subtract-headings,dictionary-subtract-headings
sum,dictionary,dict/sum,dictionary-sum
tan,dictionary,dict/tan,dictionary-tan
thickness,dictionary,dict/thickness,dictionary-thickness
tick,dictionary,dict/tick,dictionary-tick
tick-advance,dictionary,dict/tick-advance,dictionary-tick-advance
ticks,dictionary,dict/ticks,dictionary-ticks
tie,dictionary,dict/tie,dictionary-tie
tie-mode,dictionary,dict/tie-mode,dictionary-tie-mode
timer,dictionary,dict/timer,dictionary-timer
to,dictionary,dict/to,dictionary-to
to-report,dictionary,dict/to-report,dictionary-to-report
towards,dictionary,dict/towards,dictionary-towards
towardsxy,dictionary,dict/towardsxy,dictionary-towardsxy
turtle,dictionary,dict/turtle,dictionary-turtle
turtle-set,dictionary,dict/turtle-set,dictionary-turtle-set
turtles,dictionary,dict/turtles,dictionary-turtles
turtles-at,dictionary,dict/turtles-at,dictionary-turtles-at
turtles-here,dictionary,dict/turtles-here,dictionary-turtles-here
turtles-on,dictionary,dict/turtles-on,dictionary-turtles-on
turtles-own,dictionary,dict/turtles-own,dictionary-turtles-own
type,dictionary,dict/type,dictionary-type
undirected-link-breed,dictionary,dict/undirected-link-breed,dictionary-undirected-link-breed
untie,dictionary,dict/untie,dictionary-untie
up-to-n-of,dictionary,dict/up-to-n-of,dictionary-up-to-n-of
update-plots,dictionary,dict/update-plots,dictionary-update-plots
uphill,dictionary,dict/uphill,dictionary-uphill
uphill4,dictionary,dict/uphill,dictionary-uphill
user-directory,dictionary,dict/user-directory,dictionary-user-directory
user-file,dictionary,dict/user-file,dictionary-user-file
user-new-file,dictionary,dict/user-new-file,dictionary-user-new-file
user-input,dictionary,dict/user-input,dictionary-user-input
user-message,dictionary,dict/user-message,dictionary-user-message
user-one-of,dictionary,dict/user-one-of,dictionary-user-one-of
user-yes-or-no?,dictionary,dict/user-yes-or-no,dictionary-user-yes-or-no
variance,dictionary,dict/variance,dictionary-variance
wait,dictionary,dict/wait,dictionary-wait
watch,dictionary,dict/watch,dictionary-watch
watch-me,dictionary,dict/watch-me,dictionary-watch-me
while,dictionary,dict/while,dictionary-while
who,dictionary,dict/who,dictionary-who
who-are-not,dictionary,dict/who-are-not,dictionary-who-are-not
with,dictionary,dict/with,dictionary-with
<breed>-with,dictionary,dict/link-with,dictionary-link-with
link-with,dictionary,dict/link-with,dictionary-link-with
with-max,dictionary,dict/with-max,dictionary-with-max
with-min,dictionary,dict/with-min,dictionary-with-min
with-local-randomness,dictionary,dict/with-local-randomness,dictionary-with-local-randomness
without-interruption,dictionary,dict/without-interruption,dictionary-without-interruption
word,dictionary,dict/word,dictionary-word
world-width,dictionary,dict/world-dim,dictionary-world-dim
world-height,dictionary,dict/world-dim,dictionary-world-dim
wrap-color,dictionary,dict/wrap-color,dictionary-wrap-color
write,dictionary,dict/write,dictionary-write
xcor,dictionary,dict/xcor,dictionary-xcor
xor,dictionary,dict/xor,dictionary-xor
ycor,dictionary,dict/ycor,dictionary-ycor
->,dictionary,dict/arrow,dictionary-arrow
at-points,3d,dict/at-points-3d,3d-at-points-3d
distancexyz,3d,dict/distance-3d,3d-distance-3d
distancexyz-nowrap,3d,dict/distance-3d,3d-distance-3d
dz,3d,dict/dz,3d-dz
face,3d,dict/face-3d,3d-face-3d
facexyz,3d,dict/face-3d,3d-face-3d
left,3d,dict/left,3d-left
link-pitch,3d,dict/link-pitch,3d-link-pitch
load-shapes-3d,3d,dict/load-shapes-3d,3d-load-shapes-3d
max-pzcor,3d,dict/min-max-pzcor,3d-min-max-pzcor
min-pzcor,3d,dict/min-max-pzcor,3d-min-max-pzcor
neighbors,3d,dict/neighbors-3d,3d-neighbors-3d
neighbors6,3d,dict/neighbors-3d,3d-neighbors-3d
orbit-down,3d,dict/orbit-cmds,3d-orbit-cmds
orbit-left,3d,dict/orbit-cmds,3d-orbit-cmds
orbit-right,3d,dict/orbit-cmds,3d-orbit-cmds
orbit-up,3d,dict/orbit-cmds,3d-orbit-cmds
__oxcor,3d,dict/observer-cors,3d-observer-cors
__oycor,3d,dict/observer-cors,3d-observer-cors
__ozcor,3d,dict/observer-cors,3d-observer-cors
patch,3d,dict/patch-3d,3d-patch-3d
patch-at,3d,dict/patch-at-3d,3d-patch-at-3d
patch-at-heading-pitch-and-distance,3d,dict/patch-at-heading-pitch-and-distance,3d-patch-at-heading-pitch-and-distance
pitch,3d,dict/pitch,3d-pitch
pzcor,3d,dict/pzcor,3d-pzcor
random-pzcor,3d,dict/random-pzcor,3d-random-pzcor
random-zcor,3d,dict/random-zcor,3d-random-zcor
right,3d,dict/right,3d-right
roll,3d,dict/roll,3d-roll
roll-left,3d,dict/roll-left,3d-roll-left
roll-right,3d,dict/roll-right,3d-roll-right
setxyz,3d,dict/setxyz,3d-setxyz
tilt-down,3d,dict/tilt-cmds,3d-tilt-cmds
tilt-up,3d,dict/tilt-cmds,3d-tilt-cmds
towards-pitch,3d,dict/towards-pitch-cmd,3d-towards-pitch-cmd
towards-pitch-nowrap,3d,dict/towards-pitch-cmd,3d-towards-pitch-cmd
towards-pitch-xyz,3d,dict/towards-pitch-xyz-cmd,3d-towards-pitch-xyz-cmd
towards-pitch-xyz-nowrap,3d,dict/towards-pitch-xyz-cmd,3d-towards-pitch-xyz-cmd
turtles-at,3d,dict/turtles-at-3d,3d-turtles-at-3d
<breeds>-at,3d,dict/turtles-at-3d,3d-turtles-at-3d
world-depth,3d,dict/world-depth,3d-world-depth
zcor,3d,dict/zcor,3d-zcor
zoom,3d,dict/zoom,3d-zoom
arduino:primitives,arduino,arduino/primitives,arduino-primitives
arduino:ports,arduino,arduino/ports,arduino-ports
arduino:open,arduino,arduino/open,arduino-open
arduino:close,arduino,arduino/close,arduino-close
arduino:get,arduino,arduino/get,arduino-get
arduino:write-string,arduino,arduino/write-string,arduino-write-string
arduino:write-int,arduino,arduino/write-int,arduino-write-int
arduino:write-byte,arduino,arduino/write-byte,arduino-write-byte
arduino:is-open?,arduino,arduino/is-open,arduino-is-open
arduino:debug-to-arduino,arduino,arduino/debug-to-arduino,arduino-debug-to-arduino
arduino:debug-from-arduino,arduino,arduino/debug-from-arduino,arduino-debug-from-arduino
array:from-list,array,array/from-list,array-from-list
array:item,array,array/item,array-item
array:set,array,array/set,array-set
array:length,array,array/length,array-length
array:to-list,array,array/to-list,array-to-list
bitmap:average-color,bitmap,bitmap/average-color,bitmap-average-color
bitmap:channel,bitmap,bitmap/channel,bitmap-channel
bitmap:copy-to-drawing,bitmap,bitmap/copy-to-drawing,bitmap-copy-to-drawing
bitmap:copy-to-pcolors,bitmap,bitmap/copy-to-pcolors,bitmap-copy-to-pcolors
bitmap:difference-rgb,bitmap,bitmap/difference-rgb,bitmap-difference-rgb
bitmap:export,bitmap,bitmap/export,bitmap-export
bitmap:from-base64,bitmap,bitmap/from-base64,bitmap-from-base64
bitmap:to-base64,bitmap,bitmap/to-base64,bitmap-to-base64
bitmap:from-view,bitmap,bitmap/from-view,bitmap-from-view
bitmap:to-grayscale,bitmap,bitmap/to-grayscale,bitmap-to-grayscale
bitmap:height,bitmap,bitmap/height,bitmap-height
bitmap:import,bitmap,bitmap/import,bitmap-import
bitmap:scaled,bitmap,bitmap/scaled,bitmap-scaled
bitmap:width,bitmap,bitmap/width,bitmap-width
csv:from-row,csv,csv/from-row,csv-from-row
csv:from-string,csv,csv/from-string,csv-from-string
csv:from-file,csv,csv/from-file,csv-from-file
csv:to-row,csv,csv/to-row,csv-to-row
csv:to-string,csv,csv/to-string,csv-to-string
csv:to-file,csv,csv/to-file,csv-to-file
gis:set-transformation,gis,gis/set-transformation,gis-gisset-transformation
gis:set-transformation-ds,gis,gis/set-transformation-ds,gis-gisset-transformation-ds
gis:set-world-envelope,gis,gis/set-world-envelope,gis-gisset-world-envelope
gis:set-world-envelope-ds,gis,gis/set-world-envelope-ds,gis-gisset-world-envelope-ds
gis:world-envelope,gis,gis/world-envelope,gis-gisworld-envelope
gis:envelope-of,gis,gis/envelope-of,gis-gisenvelope-of
gis:envelope-union-of,gis,gis/envelope-union-of,gis-gisenvelope-union-of
gis:load-coordinate-system,gis,gis/load-coordinate-system,gis-gisload-coordinate-system
gis:set-coordinate-system,gis,gis/set-coordinate-system,gis-gisset-coordinate-system
gis:project-lat-lon,gis,gis/project-lat-lon,gis-gisproject-lat-lon
gis:project-lat-lon-from-ellipsoid,gis,gis/project-lat-lon-from-ellipsoid,gis-gisproject-lat-lon-from-ellipsoid
gis:load-dataset,gis,gis/load-dataset,gis-gisload-dataset
gis:store-dataset,gis,gis/store-dataset,gis-gisstore-dataset
gis:type-of,gis,gis/type-of,gis-gistype-of
gis:patch-dataset,gis,gis/patch-dataset,gis-gispatch-dataset
gis:turtle-dataset,gis,gis/turtle-dataset,gis-gisturtle-dataset
gis:link-dataset,gis,gis/link-dataset,gis-gislink-dataset
gis:shape-type-of,gis,gis/shape-type-of,gis-gisshape-type-of
gis:property-names,gis,gis/property-names,gis-gisproperty-names
gis:feature-list-of,gis,gis/feature-list-of,gis-gisfeature-list-of
gis:vertex-lists-of,gis,gis/vertex-lists-of,gis-gisvertex-lists-of
gis:centroid-of,gis,gis/centroid-of,gis-giscentroid-of
gis:random-point-inside,gis,gis/random-point-inside,gis-gisrandom-point-inside
gis:location-of,gis,gis/location-of,gis-gislocation-of
gis:set-property-value,gis,gis/set-property-value,gis-gisset-property-value
gis:property-value,gis,gis/property-value,gis-gisproperty-value
gis:find-features,gis,gis/find-features,gis-gisfind-features
gis:find-one-feature,gis,gis/find-one-feature,gis-gisfind-one-feature
gis:find-less-than,gis,gis/find-less-than,gis-gisfind-less-than
gis:find-greater-than,gis,gis/find-greater-than,gis-gisfind-greater-than
gis:find-range,gis,gis/find-range,gis-gisfind-range
gis:property-minimum,gis,gis/property-minimum,gis-gisproperty-minimum
gis:property-maximum,gis,gis/property-maximum,gis-gisproperty-maximum
gis:apply-coverage,gis,gis/apply-coverage,gis-gisapply-coverage
gis:create-turtles-from-points,gis,gis/create-turtles-from-points,gis-giscreate-turtles-from-points
gis:create-turtles-from-points-manual,gis,gis/create-turtles-from-points-manual,gis-giscreate-turtles-from-points-manual
gis:create-turtles-inside-polygon,gis,gis/create-turtles-inside-polygon,gis-giscreate-turtles-inside-polygon
gis:create-turtles-inside-polygon-manual,gis,gis/create-turtles-inside-polygon-manual,gis-giscreate-turtles-inside-polygon-manual
gis:coverage-minimum-threshold,gis,gis/coverage-minimum-threshold,gis-giscoverage-minimum-threshold
gis:set-coverage-minimum-threshold,gis,gis/set-coverage-minimum-threshold,gis-gisset-coverage-minimum-threshold
gis:coverage-maximum-threshold,gis,gis/coverage-maximum-threshold,gis-giscoverage-maximum-threshold
gis:set-coverage-maximum-threshold,gis,gis/set-coverage-maximum-threshold,gis-gisset-coverage-maximum-threshold
gis:intersects?,gis,gis/intersects,gis-gisintersects
gis:contains?,gis,gis/contains,gis-giscontains
gis:contained-by?,gis,gis/contained-by,gis-giscontained-by
gis:have-relationship?,gis,gis/have-relationship,gis-gishave-relationship
gis:relationship-of,gis,gis/relationship-of,gis-gisrelationship-of
gis:intersecting,gis,gis/intersecting,gis-gisintersecting
gis:width-of,gis,gis/width-of,gis-giswidth-of
gis:height-of,gis,gis/height-of,gis-gisheight-of
gis:raster-value,gis,gis/raster-value,gis-gisraster-value
gis:set-raster-value,gis,gis/set-raster-value,gis-gisset-raster-value
gis:minimum-of,gis,gis/minimum-of,gis-gisminimum-of
gis:maximum-of,gis,gis/maximum-of,gis-gismaximum-of
gis:sampling-method-of,gis,gis/sampling-method-of,gis-gissampling-method-of
gis:set-sampling-method,gis,gis/set-sampling-method,gis-gisset-sampling-method
gis:raster-sample,gis,gis/raster-sample,gis-gisraster-sample
gis:raster-world-envelope,gis,gis/raster-world-envelope,gis-gisraster-world-envelope
gis:create-raster,gis,gis/create-raster,gis-giscreate-raster
gis:resample,gis,gis/resample,gis-gisresample
gis:convolve,gis,gis/convolve,gis-gisconvolve
gis:apply-raster,gis,gis/apply-raster,gis-gisapply-raster
gis:drawing-color,gis,gis/drawing-color,gis-gisdrawing-color
gis:set-drawing-color,gis,gis/set-drawing-color,gis-gisset-drawing-color
gis:draw,gis,gis/draw,gis-gisdraw
gis:fill,gis,gis/fill,gis-gisfill
gis:paint,gis,gis/paint,gis-gispaint
gis:import-wms-drawing,gis,gis/import-wms-drawing,gis-gisimport-wms-drawing
gogo:primitives,gogo,gogo/primitives,gogo-primitives
gogo:howmany-gogos,gogo,gogo/howmany-gogos,gogo-howmany-gogos
gogo:init,gogo,gogo/init,gogo-init
gogo:talk-to-output-ports,gogo,gogo/talk-to-output-ports,gogo-talk-to-output-ports
gogo:talk-to-servo-ports,gogo,gogo/talk-to-servo-ports,gogo-talk-to-servo-ports
gogo:set-output-port-power,gogo,gogo/set-output-port-power,gogo-set-output-port-power
gogo:output-port-on,gogo,gogo/output-port-on,gogo-output-port-on
gogo:output-port-off,gogo,gogo/output-port-off,gogo-output-port-off
gogo:output-port-clockwise,gogo,gogo/output-port-clockwise,gogo-output-port-clockwise
gogo:output-port-counterclockwise,gogo,gogo/output-port-counterclockwise,gogo-output-port-counterclockwise
gogo:set-servo,gogo,gogo/set-servo,gogo-set-servo
gogo:led,gogo,gogo/led,gogo-led
gogo:beep,gogo,gogo/beep,gogo-beep
gogo:read-sensors,gogo,gogo/read-sensors,gogo-read-sensors
gogo:read-sensor,gogo,gogo/read-sensor,gogo-read-sensor
gogo:read-all,gogo,gogo/read-all,gogo-read-all
gogo:send-bytes,gogo,gogo/send-bytes,gogo-send-bytes
ls:create-models,ls,ls/create-models,ls-create-models
ls:create-interactive-models,ls,ls/create-interactive-models,ls-create-interactive-models
ls:close,ls,ls/close,ls-close
ls:reset,ls,ls/reset,ls-reset
ls:ask,ls,ls/ask,ls-ask
ls:of,ls,ls/of,ls-of
ls:report,ls,ls/report,ls-report
ls:with,ls,ls/with,ls-with
ls:let,ls,ls/let,ls-let
ls:assign,ls,ls/assign,ls-assign
ls:models,ls,ls/models,ls-models
ls:show,ls,ls/show,ls-show
ls:show-all,ls,ls/show-all,ls-show-all
ls:hide,ls,ls/hide,ls-hide
ls:hide-all,ls,ls/hide-all,ls-hide-all
ls:path-of,ls,ls/path-of,ls-path-of
ls:name-of,ls,ls/name-of,ls-name-of
ls:model-exists?,ls,ls/model-exists,ls-model-exists
ls:random-seed,ls,ls/random-seed,ls-random-seed
matrix:make-constant,matrix,matrix/make-constant,matrix-make-constant
matrix:make-identity,matrix,matrix/make-identity,matrix-make-identity
matrix:from-row-list,matrix,matrix/from-row-list,matrix-from-row-list
matrix:from-column-list,matrix,matrix/from-column-list,matrix-from-column-list
matrix:to-row-list,matrix,matrix/to-row-list,matrix-to-row-list
matrix:to-column-list,matrix,matrix/to-column-list,matrix-to-column-list
matrix:copy,matrix,matrix/copy,matrix-copy
matrix:pretty-print-text,matrix,matrix/pretty-print-text,matrix-pretty-print-text
matrix:get,matrix,matrix/get,matrix-get
matrix:get-row,matrix,matrix/get-row,matrix-get-row
matrix:get-column,matrix,matrix/get-column,matrix-get-column
matrix:set,matrix,matrix/set,matrix-set
matrix:set-row,matrix,matrix/set-row,matrix-set-row
matrix:set-column,matrix,matrix/set-column,matrix-set-column
matrix:swap-rows,matrix,matrix/swap-rows,matrix-swap-rows
matrix:swap-columns,matrix,matrix/swap-columns,matrix-swap-columns
matrix:set-and-report,matrix,matrix/set-and-report,matrix-set-and-report
matrix:dimensions,matrix,matrix/dimensions,matrix-dimensions
matrix:submatrix,matrix,matrix/submatrix,matrix-submatrix
matrix:map,matrix,matrix/map,matrix-map
matrix:times-scalar,matrix,matrix/times-scalar,matrix-times-scalar
matrix:times,matrix,matrix/times,matrix-times
matrix:*,matrix,matrix/-asterisk-,matrix--asterisk-
matrix:times-element-wise,matrix,matrix/times-element-wise,matrix-times-element-wise
matrix:plus-scalar,matrix,matrix/plus-scalar,matrix-plus-scalar
matrix:plus,matrix,matrix/plus,matrix-plus
matrix:+,matrix,matrix/-plus-,matrix--plus-
matrix:minus,matrix,matrix/minus,matrix-minus
matrix:-,matrix,matrix/-,matrix--
matrix:inverse,matrix,matrix/inverse,matrix-inverse
matrix:transpose,matrix,matrix/transpose,matrix-transpose
matrix:real-eigenvalues,matrix,matrix/real-eigenvalues,matrix-real-eigenvalues
matrix:imaginary-eigenvalues,matrix,matrix/imaginary-eigenvalues,matrix-imaginary-eigenvalues
matrix:eigenvectors,matrix,matrix/eigenvectors,matrix-eigenvectors
matrix:det,matrix,matrix/det,matrix-det
matrix:rank,matrix,matrix/rank,matrix-rank
matrix:trace,matrix,matrix/trace,matrix-trace
matrix:solve,matrix,matrix/solve,matrix-solve
matrix:forecast-linear-growth,matrix,matrix/forecast-linear-growth,matrix-forecast-linear-growth
matrix:forecast-compound-growth,matrix,matrix/forecast-compound-growth,matrix-forecast-compound-growth
matrix:forecast-continuous-growth,matrix,matrix/forecast-continuous-growth,matrix-forecast-continuous-growth
matrix:regress,matrix,matrix/regress,matrix-regress
nw:set-context,nw,nw/set-context,nw-set-context
nw:get-context,nw,nw/get-context,nw-get-context
nw:with-context,nw,nw/with-context,nw-with-context
nw:turtles-in-radius,nw,nw/turtles-in-radius,nw-turtles-in-radius
nw:turtles-in-reverse-radius,nw,nw/turtles-in-reverse-radius,nw-turtles-in-reverse-radius
nw:distance-to,nw,nw/distance-to,nw-distance-to
nw:weighted-distance-to,nw,nw/weighted-distance-to,nw-weighted-distance-to
nw:path-to,nw,nw/path-to,nw-path-to
nw:turtles-on-path-to,nw,nw/turtles-on-path-to,nw-turtles-on-path-to
nw:weighted-path-to,nw,nw/weighted-path-to,nw-weighted-path-to
nw:turtles-on-weighted-path-to,nw,nw/turtles-on-weighted-path-to,nw-turtles-on-weighted-path-to
nw:mean-path-length,nw,nw/mean-path-length,nw-mean-path-length
nw:mean-weighted-path-length,nw,nw/mean-weighted-path-length,nw-mean-weighted-path-length
nw:betweenness-centrality,nw,nw/betweenness-centrality,nw-betweenness-centrality
nw:eigenvector-centrality,nw,nw/eigenvector-centrality,nw-eigenvector-centrality
nw:page-rank,nw,nw/page-rank,nw-page-rank
nw:closeness-centrality,nw,nw/closeness-centrality,nw-closeness-centrality
nw:weighted-closeness-centrality,nw,nw/weighted-closeness-centrality,nw-weighted-closeness-centrality
nw:clustering-coefficient,nw,nw/clustering-coefficient,nw-clustering-coefficient
nw:modularity,nw,nw/modularity,nw-modularity
nw:bicomponent-clusters,nw,nw/bicomponent-clusters,nw-bicomponent-clusters
nw:weak-component-clusters,nw,nw/weak-component-clusters,nw-weak-component-clusters
nw:louvain-communities,nw,nw/louvain-communities,nw-louvain-communities
nw:maximal-cliques,nw,nw/maximal-cliques,nw-maximal-cliques
nw:biggest-maximal-cliques,nw,nw/biggest-maximal-cliques,nw-biggest-maximal-cliques
nw:generate-preferential-attachment,nw,nw/generate-preferential-attachment,nw-generate-preferential-attachment
nw:generate-random,nw,nw/generate-random,nw-generate-random
nw:generate-watts-strogatz,nw,nw/generate-watts-strogatz,nw-generate-watts-strogatz
nw:generate-small-world,nw,nw/generate-small-world,nw-generate-small-world
nw:generate-lattice-2d,nw,nw/generate-lattice-2d,nw-generate-lattice-2d
nw:generate-ring,nw,nw/generate-ring,nw-generate-ring
nw:generate-star,nw,nw/generate-star,nw-generate-star
nw:generate-wheel,nw,nw/generate-wheel,nw-generate-wheel
nw:save-matrix,nw,nw/save-matrix,nw-save-matrix
nw:load-matrix,nw,nw/load-matrix,nw-load-matrix
nw:save-graphml,nw,nw/save-graphml,nw-save-graphml
nw:load-graphml,nw,nw/load-graphml,nw-load-graphml
nw:load,nw,nw/load,nw-load
nw:save,nw,nw/save,nw-save
palette:alpha-of,palette,palette/alpha-of,palette-alpha-of
palette:with-alpha,palette,palette/with-alpha,palette-with-alpha
palette:alpha,palette,palette/alpha,palette-alpha
palette:set-alpha,palette,palette/set-alpha,palette-set-alpha
palette:transparency-of,palette,palette/transparency-of,palette-transparency-of
palette:with-transparency,palette,palette/with-transparency,palette-with-transparency
palette:transparency,palette,palette/transparency,palette-transparency
palette:set-transparency,palette,palette/set-transparency,palette-set-transparency
palette:hue-of,palette,palette/hue-of,palette-hue-of
palette:with-hue,palette,palette/with-hue,palette-with-hue
palette:hue,palette,palette/hue,palette-hue
palette:set-hue,palette,palette/set-hue,palette-set-hue
palette:saturation-of,palette,palette/saturation-of,palette-saturation-of
palette:with-saturation,palette,palette/with-saturation,palette-with-saturation
palette:saturation,palette,palette/saturation,palette-saturation
palette:set-saturation,palette,palette/set-saturation,palette-set-saturation
palette:brightness-of,palette,palette/brightness-of,palette-brightness-of
palette:with-brightness,palette,palette/with-brightness,palette-with-brightness
palette:brightness,palette,palette/brightness,palette-brightness
palette:set-brightness,palette,palette/set-brightness,palette-set-brightness
palette:R-of,palette,palette/r-of,palette-r-of
palette:with-R,palette,palette/with-r,palette-with-r
palette:R,palette,palette/r,palette-r
palette:set-R,palette,palette/set-r,palette-set-r
palette:G-of,palette,palette/g-of,palette-g-of
palette:with-G,palette,palette/with-g,palette-with-g
palette:G,palette,palette/g,palette-g
palette:set-G,palette,palette/set-g,palette-set-g
palette:B-of,palette,palette/b-of,palette-b-of
palette:with-B,palette,palette/with-b,palette-with-b
palette:B,palette,palette/b,palette-b
palette:set-B,palette,palette/set-b,palette-set-b
palette:scale-gradient,palette,palette/scale-gradient,palette-scale-gradient
palette:scale-gradient-hsb,palette,palette/scale-gradient-hsb,palette-scale-gradient-hsb
palette:scheme-colors,palette,palette/scheme-colors,palette-scheme-colors
palette:scale-scheme,palette,palette/scale-scheme,palette-scale-scheme
palette:scheme-dialog,palette,palette/scheme-dialog,palette-scheme-dialog
profiler:calls,profiler,profiler/calls,profiler-calls
profiler:exclusive-time,profiler,profiler/exclusive-time,profiler-exclusive-time
profiler:inclusive-time,profiler,profiler/inclusive-time,profiler-inclusive-time
profiler:start,profiler,profiler/start,profiler-start
profiler:stop,profiler,profiler/stop,profiler-stop
profiler:reset,profiler,profiler/reset,profiler-reset
profiler:report,profiler,profiler/report,profiler-report
profiler:data,profiler,profiler/data,profiler-data
py:setup,py,py/setup,py-setup
py:python,py,py/python,py-python
py:python2,py,py/python2,py-python2
py:python3,py,py/python3,py-python3
py:run,py,py/run,py-run
py:runresult,py,py/runresult,py-runresult
py:set,py,py/set,py-set
resource:get,resource,resource/get,resource-get
resource:list,resource,resource/list,resource-list
rnd:weighted-one-of,rnd,rnd/weighted-one-of,rnd-weighted-one-of
rnd:weighted-n-of,rnd,rnd/weighted-n-of,rnd-weighted-n-of
rnd:weighted-n-of-with-repeats,rnd,rnd/weighted-n-of-with-repeats,rnd-weighted-n-of-with-repeats
rnd:weighted-one-of-list,rnd,rnd/weighted-one-of-list,rnd-weighted-one-of-list
rnd:weighted-n-of-list,rnd,rnd/weighted-n-of-list,rnd-weighted-n-of-list
rnd:weighted-n-of-list-with-repeats,rnd,rnd/weighted-n-of-list-with-repeats,rnd-weighted-n-of-list-with-repeats
sound:drums,sound,sound/drums,sound-drums
sound:instruments,sound,sound/instruments,sound-instruments
sound:play-drum,sound,sound/play-drum,sound-play-drum
sound:play-note,sound,sound/play-note,sound-play-note
sound:play-note-later,sound,sound/play-note-later,sound-play-note-later
sr:setup,sr,sr/setup,sr-setup
sr:run,sr,sr/run,sr-run
sr:runresult,sr,sr/runresult,sr-runresult
sr:set,sr,sr/set,sr-set
sr:set-agent,sr,sr/set-agent,sr-set-agent
sr:set-agent-data-frame,sr,sr/set-agent-data-frame,sr-set-agent-data-frame
sr:set-data-frame,sr,sr/set-data-frame,sr-set-data-frame
sr:set-list,sr,sr/set-list,sr-set-list
sr:set-named-list,sr,sr/set-named-list,sr-set-named-list
sr:set-plot-device,sr,sr/set-plot-device,sr-set-plot-device
sr:r-home,sr,sr/r-home,sr-r-home
sr:show-console,sr,sr/show-console,sr-show-console
table:clear,table,table/clear,table-clear
table:counts,table,table/counts,table-counts
table:group-agents,table,table/group-agents,table-group-agents
table:group-items,table,table/group-items,table-group-items
table:from-list,table,table/from-list,table-from-list
table:from-json,table,table/from-json,table-from-json
table:from-json-file,table,table/from-json-file,table-from-json-file
table:get,table,table/get,table-get
table:get-or-default,table,table/get-or-default,table-get-or-default
table:has-key?,table,table/has-key,table-has-key
table:keys,table,table/keys,table-keys
table:length,table,table/length,table-length
table:make,table,table/make,table-make
table:put,table,table/put,table-put
table:remove,table,table/remove,table-remove
table:to-list,table,table/to-list,table-to-list
table:to-json,table,table/to-json,table-to-json
table:values,table,table/values,table-values
vid:camera-names,vid,vid/camera-names,vid-camera-names
vid:camera-open,vid,vid/camera-open,vid-camera-open
vid:camera-select,vid,vid/camera-select,vid-camera-select
vid:movie-select,vid,vid/movie-select,vid-movie-select
vid:movie-open,vid,vid/movie-open,vid-movie-open
vid:movie-open-remote,vid,vid/movie-open-remote,vid-movie-open-remote
vid:close,vid,vid/close,vid-close
vid:start,vid,vid/start,vid-start
vid:stop,vid,vid/stop,vid-stop
vid:status,vid,vid/status,vid-status
vid:capture-image,vid,vid/capture-image,vid-capture-image
vid:set-time,vid,vid/set-time,vid-set-time
vid:show-player,vid,vid/show-player,vid-show-player
vid:hide-player,vid,vid/hide-player,vid-hide-player
vid:record-view,vid,vid/record-view,vid-record-view
vid:record-interface,vid,vid/record-interface,vid-record-interface
vid:record-source,vid,vid/record-source,vid-record-source
vid:recorder-status,vid,vid/recorder-status,vid-recorder-status
vid:reset-recorder,vid,vid/reset-recorder,vid-reset-recorder
vid:start-recorder,vid,vid/start-recorder,vid-start-recorder
vid:save-recording,vid,vid/save-recording,vid-save-recording
view2.5d:patch-view,view2.5d,view2.5d/patch-view,view2.5d-patch-view
view2.5d:decorate-patch-view,view2.5d,view2.5d/decorate-patch-view,view2.5d-decorate-patch-view
view2.5d:undecorate-patch-view,view2.5d,view2.5d/undecorate-patch-view,view2.5d-undecorate-patch-view
view2.5d:turtle-view,view2.5d,view2.5d/turtle-view,view2.5d-turtle-view
view2.5d:update-all-patch-views,view2.5d,view2.5d/update-all-patch-views,view2.5d-update-all-patch-views
view2.5d:update-patch-view,view2.5d,view2.5d/update-patch-view,view2.5d-update-patch-view
view2.5d:update-turtle-view,view2.5d,view2.5d/update-turtle-view,view2.5d-update-turtle-view
view2.5d:get-z-scale,view2.5d,view2.5d/get-z-scale,view2.5d-get-z-scale
view2.5d:set-z-scale,view2.5d,view2.5d/set-z-scale,view2.5d-set-z-scale
view2.5d:set-turtle-stem-thickness,view2.5d,view2.5d/set-turtle-stem-thickness,view2.5d-set-turtle-stem-thickness
view2.5d:set-turtle-stem-color,view2.5d,view2.5d/set-turtle-stem-color,view2.5d-set-turtle-stem-color
view2.5d:show-links-xy-plane,view2.5d,view2.5d/show-links-xy-plane,view2.5d-show-links-xy-plane
view2.5d:show-links-xyz,view2.5d,view2.5d/show-links-xyz,view2.5d-show-links-xyz
view2.5d:get-observer-angles,view2.5d,view2.5d/get-observer-angles,view2.5d-get-observer-angles
view2.5d:set-observer-angles,view2.5d,view2.5d/set-observer-angles,view2.5d-set-observer-angles
view2.5d:get-observer-xy-focus,view2.5d,view2.5d/get-observer-xy-focus,view2.5d-get-observer-xy-focus
view2.5d:set-observer-xy-focus,view2.5d,view2.5d/set-observer-xy-focus,view2.5d-set-observer-xy-focus
view2.5d:get-observer-distance,view2.5d,view2.5d/get-observer-distance,view2.5d-get-observer-distance
view2.5d:set-observer-distance,view2.5d,view2.5d/set-observer-distance,view2.5d-set-observer-distance
view2.5d:remove-patch-view,view2.5d,view2.5d/remove-patch-view,view2.5d-remove-patch-view
view2.5d:remove-turtle-view,view2.5d,view2.5d/remove-turtle-view,view2.5d-remove-turtle-view
view2.5d:remove-all-patch-views,view2.5d,view2.5d/remove-all-patch-views,view2.5d-remove-all-patch-views
view2.5d:remove-all-turtle-views,view2.5d,view2.5d/remove-all-turtle-views,view2.5d-remove-all-turtle-views
view2.5d:count-windows,view2.5d,view2.5d/count-windows,view2.5d-count-windows